<?xml version="1.0" encoding="UTF-8"?>
<!DOCTYPE plist PUBLIC "-//Apple//DTD PLIST 1.0//EN" "http://www.apple.com/DTDs/PropertyList-1.0.dtd">
<plist version="1.0">
<dict>
	<key>files</key>
	<dict>
		<key>Resources/AppIcon.icns</key>
		<data>
		xSPtRaUlzxQshwY8CpgaEWgpG8I=
		</data>
		<key>Resources/Assets.car</key>
		<data>
		enLEm3WpNffurrBwIn8gfX/qM/8=
		</data>
		<key>Resources/data/analysis.bmp</key>
		<data>
		rYvUWT7j9iI++A128j4QCOyLuCM=
		</data>
		<key>Resources/data/analysis.svg</key>
		<data>
		LJBsAoPvyBh26SFIRGHsvdYSqQY=
		</data>
		<key>Resources/data/analysiscrossed.bmp</key>
		<data>
		d0ixSeq5+Ayi3ajHzOZdtPLKUcI=
		</data>
		<key>Resources/data/analysiscrossed.svg</key>
		<data>
		sIyVEIMl46RUdCGsguTsoy+5XaA=
		</data>
		<key>Resources/data/analysishigh.bmp</key>
		<data>
		3i3JMZD4S5k0eec2phwukSdITlM=
		</data>
		<key>Resources/data/ascii.bmp</key>
		<data>
		20SIELqGa0qMqfTFVSaG4oUl/oU=
		</data>
		<key>Resources/data/backward.bmp</key>
		<data>
		L436EE86RtoNNblJ79pcUdlzG94=
		</data>
		<key>Resources/data/backward.svg</key>
		<data>
		V+FoqWu2veFJt+HeX8ftzO/vE1I=
		</data>
		<key>Resources/data/backwardhigh.bmp</key>
		<data>
		M7nbCN+FqYUvp6q84dvW76WIqYg=
		</data>
		<key>Resources/data/bconnected-high.bmp</key>
		<data>
		ZMwdvLtxPzK/xIlvJFpqZIUbFDc=
		</data>
		<key>Resources/data/bconnected.bmp</key>
		<data>
		HEW98BQjsvO9eYg0rvsFesedXzA=
		</data>
		<key>Resources/data/bdisconnected-high.bmp</key>
		<data>
		VcF6IdTP8GFhZpszX1DHqRDnCP8=
		</data>
		<key>Resources/data/bdisconnected.bmp</key>
		<data>
		xp9vIbbPWkI+iZ6mYUDrMT34eWE=
		</data>
		<key>Resources/data/bncconn.bmp</key>
		<data>
		lcapXOwsaZ/3oNoc25G6Ld+JbVk=
		</data>
		<key>Resources/data/bncconn.svg</key>
		<data>
		nSQl1bM8Dtf3UXQN2EKdYklt3f0=
		</data>
		<key>Resources/data/bncconnhigh.bmp</key>
		<data>
		grtKTid2KEKq198eDfAGiYUAp/w=
		</data>
		<key>Resources/data/bupdate-high.bmp</key>
		<data>
		N+FglTrTs6FdyWHrTSKUbfb/9ag=
		</data>
		<key>Resources/data/bupdate.bmp</key>
		<data>
		ilqkjb1lQ1CIernQWG0LjnJ1708=
		</data>
		<key>Resources/data/calibratebtn-high.bmp</key>
		<data>
		bAG5QKwaA0YCAiTK/kNypLw4fwo=
		</data>
		<key>Resources/data/calibratebtn-normal.bmp</key>
		<data>
		Q0R+E/9llfF0kEbz60/9qi0GKI4=
		</data>
		<key>Resources/data/cancel-high.bmp</key>
		<data>
		vq1+fVsGFP8jD1FMdYkuX96c12A=
		</data>
		<key>Resources/data/cancel-normal.bmp</key>
		<data>
		Z6gNbwjGPqhBereo3mfdm+cbBsM=
		</data>
		<key>Resources/data/ckboxoff.bmp</key>
		<data>
		tlem7KGyReic0VmeRDXE+IN9yGs=
		</data>
		<key>Resources/data/ckboxon.bmp</key>
		<data>
		A7MfO4vMRzdBow27dRauwgsnWKQ=
		</data>
		<key>Resources/data/ckboxon.svg</key>
		<data>
		ARbBddAMIdSSm9/lo9ICZYwlOWY=
		</data>
		<key>Resources/data/config.bmp</key>
		<data>
		rOU9PYuGTi6SL49gbyThD6vKc1w=
		</data>
		<key>Resources/data/config.svg</key>
		<data>
		RIHDZemFUJInglR7/wiU1ji0BIc=
		</data>
		<key>Resources/data/configcrossed.bmp</key>
		<data>
		1AX9/Vl4VMBZqRoiX/3btOXYXEU=
		</data>
		<key>Resources/data/confighigh.bmp</key>
		<data>
		Ms5yM7m4mPeAzGlwFzfw2QRAbhA=
		</data>
		<key>Resources/data/conne1.bmp</key>
		<data>
		s/TUI0FrI2/pRV24w1aZvMlxlYU=
		</data>
		<key>Resources/data/conne2.bmp</key>
		<data>
		yk9Yq6P2AJK692f88cF9DGM9SJk=
		</data>
		<key>Resources/data/conne3.bmp</key>
		<data>
		dwDcvx7mgZW2tB+tR18TsBH5oyA=
		</data>
		<key>Resources/data/conne4.bmp</key>
		<data>
		7DRxRQMOPJ2K0ND9V68oVYA0h0w=
		</data>
		<key>Resources/data/conne5.bmp</key>
		<data>
		3yDYLMVbrZbELm0W66X4+1awKJk=
		</data>
		<key>Resources/data/conne6.bmp</key>
		<data>
		Lr80rTHuUcacNl39WIRX927X5bk=
		</data>
		<key>Resources/data/connected-high.bmp</key>
		<data>
		LVHkHvCs74GIt7RlQFF15mDGlas=
		</data>
		<key>Resources/data/connected.bmp</key>
		<data>
		RXwPBF+8VmzZQbmxkp9e5pMIfps=
		</data>
		<key>Resources/data/connected.svg</key>
		<data>
		IsY6HnSeRzwPG5VfQDrbjH4+A1Q=
		</data>
		<key>Resources/data/connm1.bmp</key>
		<data>
		7R7KDHrmyyF+8X9jOe1nJH4agIA=
		</data>
		<key>Resources/data/connm2.bmp</key>
		<data>
		I1zcVzad+V72KhvqnawFXz09CX0=
		</data>
		<key>Resources/data/connm3.bmp</key>
		<data>
		uTD7Wby2O6/N28ec+NNmESaDYgo=
		</data>
		<key>Resources/data/connm4.bmp</key>
		<data>
		9eY4fF4Uh/ArjvGB9kDX8dG/hww=
		</data>
		<key>Resources/data/connm5.bmp</key>
		<data>
		jarwaW9h2uUhmlh2VU8xOfYQbBw=
		</data>
		<key>Resources/data/connm6.bmp</key>
		<data>
		unKG5RMK57AA8VNOlEtQgK/DHzQ=
		</data>
		<key>Resources/data/connp1.bmp</key>
		<data>
		mbfKD6u6MDsttdBYEunIEWOUVKg=
		</data>
		<key>Resources/data/connp2.bmp</key>
		<data>
		MQznCdHY7yDsTVMi87nN9oagPis=
		</data>
		<key>Resources/data/connp3.bmp</key>
		<data>
		qZG7FQMGZFxt5/EXnE6tcMgKtzk=
		</data>
		<key>Resources/data/connp4.bmp</key>
		<data>
		HtZYX48M/j2PeC6Pu16HTMbd1wY=
		</data>
		<key>Resources/data/connp5.bmp</key>
		<data>
		aXRzumNP30fukaIdQaGNq3la/2g=
		</data>
		<key>Resources/data/connp6.bmp</key>
		<data>
		/ipSWPDLnNUg5/x06gxtYg2IXDU=
		</data>
		<key>Resources/data/dconne1.bmp</key>
		<data>
		LHniewqKVPO5IBdTnVHWBgu33fM=
		</data>
		<key>Resources/data/dconne2.bmp</key>
		<data>
		ex+N3VzuDKXFuyzFDeYstVJp2ss=
		</data>
		<key>Resources/data/dconne3.bmp</key>
		<data>
		B/NMgG7pzd1v2iEhCV6bdT9gX8E=
		</data>
		<key>Resources/data/dconne4.bmp</key>
		<data>
		5QMFBHlDEFrTIoQY6kQa0eD3Ywk=
		</data>
		<key>Resources/data/dconne5.bmp</key>
		<data>
		nPnkkLw4CkahoxjV7GTj6rqDs6s=
		</data>
		<key>Resources/data/dconne6.bmp</key>
		<data>
		CCmnZPaqsgnHaOWSlyCV4EIWljE=
		</data>
		<key>Resources/data/dconnm1.bmp</key>
		<data>
		OMaRC8KXc1eaQy9vOEkXUbwuesg=
		</data>
		<key>Resources/data/dconnm2.bmp</key>
		<data>
		8RBqlOAIe4Dh2VTeJJuFcdsuiUw=
		</data>
		<key>Resources/data/dconnm3.bmp</key>
		<data>
		GrN5NHtKQN4YspXe23t0e8348fM=
		</data>
		<key>Resources/data/dconnm4.bmp</key>
		<data>
		2r2nzx6MbsWkqg2Ajb5ZODRXMrQ=
		</data>
		<key>Resources/data/dconnm5.bmp</key>
		<data>
		/LshxHZEpjpb4WJZUFgtLtFlNik=
		</data>
		<key>Resources/data/dconnm6.bmp</key>
		<data>
		T6sJes8Fgzh1ppxiQsYCvEcdnZ4=
		</data>
		<key>Resources/data/dconnp1.bmp</key>
		<data>
		d4eKgAQQQcEUBEJDvQdh5EY5i+Q=
		</data>
		<key>Resources/data/dconnp2.bmp</key>
		<data>
		hkbhR66ZhcWR/yqteWXQwHKbSDA=
		</data>
		<key>Resources/data/dconnp3.bmp</key>
		<data>
		X1oEgYWUw8Wacr5SGW+2GTv+rbY=
		</data>
		<key>Resources/data/dconnp4.bmp</key>
		<data>
		Zo45y68b4/s/L0aBQf9fP+6In9s=
		</data>
		<key>Resources/data/dconnp5.bmp</key>
		<data>
		+JeepjH/Vc4Xk8dQwCHO9H0P9FU=
		</data>
		<key>Resources/data/dconnp6.bmp</key>
		<data>
		Gaes2GfZPPsTeWxd/qXIuduy7sA=
		</data>
		<key>Resources/data/devbrd.bmp</key>
		<data>
		QoIkkk/4FBTAM3IB5Xz8YjRcgXQ=
		</data>
		<key>Resources/data/devbrd.svg</key>
		<data>
		BvV27rz6djtnyXEtfoJoobyvxps=
		</data>
		<key>Resources/data/devbrdhigh.bmp</key>
		<data>
		gAmhEC5A2mLxl/+ea/sPCnQa+E0=
		</data>
		<key>Resources/data/disconnected-high.bmp</key>
		<data>
		pJfdirWbRzIsPoHbkgpLxycTRzQ=
		</data>
		<key>Resources/data/disconnected.bmp</key>
		<data>
		sNboE5jHJgfrcSJXQY66jJjo0NA=
		</data>
		<key>Resources/data/disconnected.svg</key>
		<data>
		IsY6HnSeRzwPG5VfQDrbjH4+A1Q=
		</data>
		<key>Resources/data/dropdown.bmp</key>
		<data>
		x5KH9RC/rPYH5mym11CGhgAlBZU=
		</data>
		<key>Resources/data/dropdown.svg</key>
		<data>
		eZWypjS5D5gTISOlP+G5rw+i7To=
		</data>
		<key>Resources/data/drum.wav</key>
		<data>
		OnMSHU+Ar7Ps2irPHK1vgJdFUkQ=
		</data>
		<key>Resources/data/e1.bmp</key>
		<data>
		dsDR98MXvuCRgY704K5VAxlxXIw=
		</data>
		<key>Resources/data/e1.svg</key>
		<data>
		p5nUL3zaKYvX79kWOKZOEygCVbY=
		</data>
		<key>Resources/data/e10.bmp</key>
		<data>
		olXj1ezo4WzegDhKBAhDN7YBIXk=
		</data>
		<key>Resources/data/e2.bmp</key>
		<data>
		Zob0aBgtrOE4JonsOeLy1fURQZ4=
		</data>
		<key>Resources/data/e2.svg</key>
		<data>
		xeDPcZeZ8JlezHZy0p/Rpv7SGDk=
		</data>
		<key>Resources/data/e3.bmp</key>
		<data>
		5LC7j7re/tkWplLk+aPT261pjhI=
		</data>
		<key>Resources/data/e3.svg</key>
		<data>
		V172XKH4wAK/qjiMjWntQe4N8No=
		</data>
		<key>Resources/data/e4.bmp</key>
		<data>
		F6Pf7/7tKsp0oXrEkv0WxLztNFM=
		</data>
		<key>Resources/data/e4.svg</key>
		<data>
		aG2IDDqR+scF1mGv4g4XI6AQdzk=
		</data>
		<key>Resources/data/e5.bmp</key>
		<data>
		GNGh3e6xBu4ujsgZbqyxo8mzlU8=
		</data>
		<key>Resources/data/e5.svg</key>
		<data>
		s/0Iy75rmJt1JaK0Ap+LvvWENxE=
		</data>
		<key>Resources/data/e6.bmp</key>
		<data>
		TAQ0GNmNd5UXZdJHlVFTRbQrbRY=
		</data>
		<key>Resources/data/e6.svg</key>
		<data>
		dZj4Z/HbxzP/Ma7BKlQHyYxkCVQ=
		</data>
		<key>Resources/data/e7.bmp</key>
		<data>
		l/gex/ZbQua9D3UcXiPzGVlFdSc=
		</data>
		<key>Resources/data/e7.svg</key>
		<data>
		p5nUL3zaKYvX79kWOKZOEygCVbY=
		</data>
		<key>Resources/data/e8.bmp</key>
		<data>
		TzS5TZLEiXjuQg5JDM59vzAm10A=
		</data>
		<key>Resources/data/e8.svg</key>
		<data>
		NQ6FLJMrc77OUAvqYjkDnoMOfZs=
		</data>
		<key>Resources/data/e9.bmp</key>
		<data>
		t6btuyxdU/ujnoZcaiIVVm6/KrU=
		</data>
		<key>Resources/data/e9.svg</key>
		<data>
		AMAr8On0VOCr8DCpf6a7buZb0hM=
		</data>
		<key>Resources/data/ekg.bmp</key>
		<data>
		ULk83RCYEniyMu5UHnqqDaFydpc=
		</data>
		<key>Resources/data/ekg.svg</key>
		<data>
		GjbmySlCp27RoCAG+YQMAW2rwgg=
		</data>
		<key>Resources/data/ekg.wav</key>
		<data>
		wwhOTqTwdfFnadA2OAJ3ShKaG2Q=
		</data>
		<key>Resources/data/ekghigh.bmp</key>
		<data>
		2yBRQEmIWCeJndQeRWX0SLXovmA=
		</data>
		<key>Resources/data/emgprocon.bmp</key>
		<data>
		o2Zms6Jdk/ugVT8H7XelwECCssM=
		</data>
		<key>Resources/data/emgproconhigh.bmp</key>
		<data>
		1UDsl3XP5JWRV2aJ0yY4fnUUkvc=
		</data>
		<key>Resources/data/emgprodiscon.bmp</key>
		<data>
		S8kFn7lWD6sq3ivChlYWx5RhqnM=
		</data>
		<key>Resources/data/fft.bmp</key>
		<data>
		3+MrA3UZ7r+m/jQoRnJwGZbUJe8=
		</data>
		<key>Resources/data/fft.svg</key>
		<data>
		65GROlcMa9UWt9/JBLYt9bIJ3GA=
		</data>
		<key>Resources/data/fftcrossed.bmp</key>
		<data>
		L2AHlCj4HUlWsKXwjiDvYVTFG8w=
		</data>
		<key>Resources/data/ffthigh.bmp</key>
		<data>
		JD27c04pA7b3iYec6HC4dFH3iYQ=
		</data>
		<key>Resources/data/file.bmp</key>
		<data>
		n4moFoA5n96WUIV1y1yA6kZl+TQ=
		</data>
		<key>Resources/data/file.svg</key>
		<data>
		cXmt97EPbOsZnKY/A7P72RnwEoE=
		</data>
		<key>Resources/data/filehigh.bmp</key>
		<data>
		KIYSlJArzeIOuAoL1JBq59KqzEE=
		</data>
		<key>Resources/data/forward.bmp</key>
		<data>
		xxcj1UTw00x1BknotYihHqtjIBU=
		</data>
		<key>Resources/data/forward.svg</key>
		<data>
		JdAeMIa+8aXr6G7UfPQ10XzxXJE=
		</data>
		<key>Resources/data/forwardhigh.bmp</key>
		<data>
		sZh4e4Sqr//HxozP0fSxZ793LBY=
		</data>
		<key>Resources/data/gaindown.bmp</key>
		<data>
		HOrDL7AgTqdi1zAkKoIsfexoAAY=
		</data>
		<key>Resources/data/gainup.bmp</key>
		<data>
		CUeUmIAngGQffuP7chx2paUnT0k=
		</data>
		<key>Resources/data/gainup.svg</key>
		<data>
		orPMY+BAaVM28IXdT7CfeklrpII=
		</data>
		<key>Resources/data/heart.bmp</key>
		<data>
		emhSVwC/A304Hj3W6B4Yi2T9RmY=
		</data>
		<key>Resources/data/heart.svg</key>
		<data>
		fEb9N4VV2W0xmo1GyAc+ghKH07U=
		</data>
		<key>Resources/data/heartcon.bmp</key>
		<data>
		snHzeOuzuhukjv2BYgMn7I+Df4E=
		</data>
		<key>Resources/data/heartconhigh.bmp</key>
		<data>
		40qX8+CmU1TnkDDuzUdsS5TkF/Y=
		</data>
		<key>Resources/data/heartdiscon.bmp</key>
		<data>
		03suqwoop1xfTEbioPO9BrANeJA=
		</data>
		<key>Resources/data/musclecon.bmp</key>
		<data>
		2KUDnymiKOtFEHLkEVgV08KXPRU=
		</data>
		<key>Resources/data/muscleconhigh.bmp</key>
		<data>
		rNfGIroziKjwfzmUWu+6z6gqchE=
		</data>
		<key>Resources/data/musclediscon.bmp</key>
		<data>
		/1PDFczn+HXmV1VDsdg0/SZsdns=
		</data>
		<key>Resources/data/neuronprocon.bmp</key>
		<data>
		Df4VhY4/2H4HzssPJHuxNqbiXms=
		</data>
		<key>Resources/data/neuronproconhigh.bmp</key>
		<data>
		jELi1kPe7vyI28P33sJGFHrgl/o=
		</data>
		<key>Resources/data/neuronprodiscon.bmp</key>
		<data>
		5niOcjlylNDp0GjfQ5PRSRQDTFQ=
		</data>
		<key>Resources/data/okbtn-high.bmp</key>
		<data>
		KQKy4ENWGsD85Hh7FK2FT7G8DsY=
		</data>
		<key>Resources/data/okbtn-normal.bmp</key>
		<data>
		ZKCbhRYXrM5XaoC5sIYMHz0Mom0=
		</data>
		<key>Resources/data/okbtn.bmp</key>
		<data>
		CffL1eUIFu4VqruCzCepekbiqlM=
		</data>
		<key>Resources/data/okbtn.svg</key>
		<data>
		gs8a+oCgNYNOgjbs7DcLO56kdsE=
		</data>
		<key>Resources/data/okbtnhigh.bmp</key>
		<data>
		CRyBcYusK/WIQI0WmLJfNp7ICQI=
		</data>
		<key>Resources/data/pause.bmp</key>
		<data>
		mfPKfMl5TOVqBIEfXmVqVMgypVk=
		</data>
		<key>Resources/data/pause.svg</key>
		<data>
		C36E0XcKcakJsNNPpYi16oNdSkg=
		</data>
		<key>Resources/data/pausehigh.bmp</key>
		<data>
		7PkSmgqeMQ3tNDJN6GgYIoDzQvo=
		</data>
		<key>Resources/data/pin.bmp</key>
		<data>
		b8Ce7E04ffnnggUy388gwwB55DQ=
		</data>
		<key>Resources/data/pin.svg</key>
		<data>
		lfDZ4Bi3PUpdJHptm+dGxgQhts4=
		</data>
		<key>Resources/data/plantcon.bmp</key>
		<data>
		rLWfd/ecHFgj0ntT7qVHP6BuhBk=
		</data>
		<key>Resources/data/plantconhigh.bmp</key>
		<data>
		VbOmtPCszhqlSwV8hMYfBT/nwj0=
		</data>
		<key>Resources/data/plantdiscon.bmp</key>
		<data>
		dBXIixI6wNUUhErgw2dY7sgQ7zE=
		</data>
		<key>Resources/data/play.bmp</key>
		<data>
		90KHpcCcGllQGTVUJtqTnp769Uw=
		</data>
		<key>Resources/data/play.svg</key>
		<data>
		Am9r0xILyA+JTprr78dF1FrPlMI=
		</data>
		<key>Resources/data/playhigh.bmp</key>
		<data>
		6HfThFd4aQxVJKnj3WiezoZa3p0=
		</data>
		<key>Resources/data/plotview.bmp</key>
		<data>
		rfttW/L1PdTHxN1phvmgxWjrSzA=
		</data>
		<key>Resources/data/plotview.svg</key>
		<data>
		SFeDJ87KoqYh3+oSvcLIjHwB8gg=
		</data>
		<key>Resources/data/plotviewdown.bmp</key>
		<data>
		2UkeUWjURKmgGhzqeZoeeu60B7I=
		</data>
		<key>Resources/data/plotviewdownhigh.bmp</key>
		<data>
		mhAXaMFULZLipEDTr7TqUsZLajw=
		</data>
		<key>Resources/data/plotviewhigh.bmp</key>
		<data>
		OOzW8Vluq4LLQMc7Tn/lVVPJZR8=
		</data>
		<key>Resources/data/rec.bmp</key>
		<data>
		htvZtpmfIosyRL2DttZ2soE0djc=
		</data>
		<key>Resources/data/rec.svg</key>
		<data>
		ggR4fI9k/Yu9W6LEkIUmexEA3F0=
		</data>
		<key>Resources/data/rechigh.bmp</key>
		<data>
		tbt7afnTtDImLDzQtT4Lvqd1lZQ=
		</data>
		<key>Resources/data/rtimer.bmp</key>
		<data>
		GtcYYxTYES4Cz4mvWZ+FzG7aKdE=
		</data>
		<key>Resources/data/rtimer.svg</key>
		<data>
		3tQp1DNUBU/JoEyWc/Q8ggNlBMM=
		</data>
		<key>Resources/data/rtimerhigh.bmp</key>
		<data>
		Mi216Q8QiUUZ0do7lvWz+n/7cJM=
		</data>
		<key>Resources/data/save.bmp</key>
		<data>
		kdX6ct8oKyttLOyqiw4QRUZzl/U=
		</data>
		<key>Resources/data/save.svg</key>
		<data>
		zVVYW30GvYCPQR0j7M5E5K+6U3Q=
		</data>
		<key>Resources/data/savehigh.bmp</key>
		<data>
		wriHFEiwKbR4Q6XXSYW20MbCt00=
		</data>
		<key>Resources/data/speaker.bmp</key>
		<data>
		aJqTIC6tIzBIPap89owHxAYo8AQ=
		</data>
		<key>Resources/data/speaker.svg</key>
		<data>
		Gdr6bTTvr0XJZTURcflQnZKQAfE=
		</data>
		<key>Resources/data/speakeroff.bmp</key>
		<data>
		uz1cVE3RbynB9xoxD88NY7Lmopk=
		</data>
		<key>Resources/data/thresh.bmp</key>
		<data>
		tSPTbE/5z4gS2R8cJjtHOmv0b0s=
		</data>
		<key>Resources/data/thresh.svg</key>
		<data>
		+elI++N4eKVaR4jv4forLc2qvws=
		</data>
		<key>Resources/data/threshcrossed.bmp</key>
		<data>
		spijBMBMSprSa30aYzsINIz07B0=
		</data>
		<key>Resources/data/threshhigh.bmp</key>
		<data>
		nycRgJjKnNHg7JJ4LYnMd7Rd5vQ=
		</data>
		<key>Resources/data/threshpin.bmp</key>
		<data>
		jH6ZJqlqaQ2H2/vayX+ivgVrSp8=
		</data>
		<key>Resources/data/threshpin.svg</key>
		<data>
		02dAQ+lJGkUsMmOFRjGIT8XR0E4=
		</data>
		<key>Resources/data/trigger.bmp</key>
		<data>
		VQ8WXFvKc/C5Vu25eI2VPzzVvcw=
		</data>
		<key>Resources/data/trigger.svg</key>
		<data>
		VEIKfZS/Hg16THetEcXz6/whxe0=
		</data>
		<key>Resources/data/triggerhigh.bmp</key>
		<data>
		WEvZ7jmkDdqWvvGDm3zh9v1OzL4=
		</data>
		<key>Resources/data/update-high.bmp</key>
		<data>
		q+AcM+esrIxhSIcr2xhi9RMwndY=
		</data>
		<key>Resources/data/update.bmp</key>
		<data>
		EDffIquYsyCQPToAv85gMWFWkdM=
		</data>
		<key>Resources/data/usbcon.bmp</key>
		<data>
		ud8O2+2Qh4+/eptk6WQx1PpEbBU=
		</data>
		<key>Resources/data/usbconhigh.bmp</key>
		<data>
		/7dh7GMerF1vE9VRzDrGa+YZpFA=
		</data>
		<key>Resources/data/usbdiscon.bmp</key>
		<data>
		Rf3/s6Wgg0JDyA6nvAcEiXye9Rk=
		</data>
		<key>Resources/icon_128x128.tiff</key>
		<data>
		fLZ5AvfrNtS0Wb5GukzWVraWFF4=
		</data>
		<key>Resources/icon_16x16.tiff</key>
		<data>
		cYWwC8Uzl9s/hTm6EJwZfNDROSY=
		</data>
		<key>Resources/icon_256x256.tiff</key>
		<data>
		tQXpbpSQmWlkHIWlFdoy5bT8z+U=
		</data>
		<key>Resources/icon_32x32.tiff</key>
		<data>
		GCN1W1nwMny/tvMCtEgByO2SIak=
		</data>
		<key>Resources/icon_512x512.tiff</key>
		<data>
		lbpCYsDaWOharge4q0TWjEoh7VA=
		</data>
	</dict>
	<key>files2</key>
	<dict>
		<key>Frameworks/SDL2.framework</key>
		<dict>
			<key>cdhash</key>
			<data>
			aw96OXwAtF+K8xaQo+wQfRlRZYc=
			</data>
			<key>requirement</key>
			<string>anchor apple generic and identifier "org.libsdl.SDL2" and (certificate leaf[field.1.2.840.113635.100.6.1.9] /* exists */ or certificate 1[field.1.2.840.113635.100.6.2.6] /* exists */ and certificate leaf[field.1.2.840.113635.100.6.1.13] /* exists */ and certificate leaf[subject.OU] = MLGRKD657P)</string>
		</dict>
		<key>Frameworks/SDL2_image.framework</key>
		<dict>
			<key>cdhash</key>
			<data>
			ZHXeoc/uE+AmiRNX/bgM2BL/KBI=
			</data>
			<key>requirement</key>
			<string>anchor apple generic and identifier "org.libsdl.SDL2-image" and (certificate leaf[field.1.2.840.113635.100.6.1.9] /* exists */ or certificate 1[field.1.2.840.113635.100.6.2.6] /* exists */ and certificate leaf[field.1.2.840.113635.100.6.1.13] /* exists */ and certificate leaf[subject.OU] = MLGRKD657P)</string>
		</dict>
		<key>Frameworks/libbass.dylib</key>
		<dict>
			<key>cdhash</key>
			<data>
			ydq9tyOEN+2DZCF0NcFy+l+AjRA=
			</data>
			<key>requirement</key>
			<string>anchor apple generic and identifier libbass and (certificate leaf[field.1.2.840.113635.100.6.1.9] /* exists */ or certificate 1[field.1.2.840.113635.100.6.2.6] /* exists */ and certificate leaf[field.1.2.840.113635.100.6.1.13] /* exists */ and certificate leaf[subject.OU] = MLGRKD657P)</string>
		</dict>
		<key>MacOS/SDL2.framework</key>
		<dict>
			<key>cdhash</key>
			<data>
			aw96OXwAtF+K8xaQo+wQfRlRZYc=
			</data>
			<key>requirement</key>
			<string>anchor apple generic and identifier "org.libsdl.SDL2" and (certificate leaf[field.1.2.840.113635.100.6.1.9] /* exists */ or certificate 1[field.1.2.840.113635.100.6.2.6] /* exists */ and certificate leaf[field.1.2.840.113635.100.6.1.13] /* exists */ and certificate leaf[subject.OU] = MLGRKD657P)</string>
		</dict>
		<key>MacOS/SDL2_image.framework</key>
		<dict>
			<key>cdhash</key>
			<data>
			ZHXeoc/uE+AmiRNX/bgM2BL/KBI=
			</data>
			<key>requirement</key>
			<string>anchor apple generic and identifier "org.libsdl.SDL2-image" and (certificate leaf[field.1.2.840.113635.100.6.1.9] /* exists */ or certificate 1[field.1.2.840.113635.100.6.2.6] /* exists */ and certificate leaf[field.1.2.840.113635.100.6.1.13] /* exists */ and certificate leaf[subject.OU] = MLGRKD657P)</string>
		</dict>
		<key>MacOS/libbass.dylib</key>
		<dict>
			<key>cdhash</key>
			<data>
			ydq9tyOEN+2DZCF0NcFy+l+AjRA=
			</data>
			<key>requirement</key>
			<string>anchor apple generic and identifier libbass and (certificate leaf[field.1.2.840.113635.100.6.1.9] /* exists */ or certificate 1[field.1.2.840.113635.100.6.2.6] /* exists */ and certificate leaf[field.1.2.840.113635.100.6.1.13] /* exists */ and certificate leaf[subject.OU] = MLGRKD657P)</string>
		</dict>
		<key>Resources/AppIcon.icns</key>
		<dict>
			<key>hash</key>
			<data>
			xSPtRaUlzxQshwY8CpgaEWgpG8I=
			</data>
			<key>hash2</key>
			<data>
			TUMwOU703bpt5ZwBJH8nNBqFhu57IWuAKr17vVIAyho=
			</data>
		</dict>
		<key>Resources/Assets.car</key>
		<dict>
			<key>hash</key>
			<data>
			enLEm3WpNffurrBwIn8gfX/qM/8=
			</data>
			<key>hash2</key>
			<data>
			IiAw05KXwfg6zs2jHuZi1MXu+DAFDjZew4CvSTvZi6k=
			</data>
		</dict>
		<key>Resources/data/analysis.bmp</key>
		<dict>
			<key>hash</key>
			<data>
			rYvUWT7j9iI++A128j4QCOyLuCM=
			</data>
			<key>hash2</key>
			<data>
			A4KmUo/VD1gnXLjvvZE9eGy6UPQgZGRg93em8/6ZUOA=
			</data>
		</dict>
		<key>Resources/data/analysis.svg</key>
		<dict>
			<key>hash</key>
			<data>
			LJBsAoPvyBh26SFIRGHsvdYSqQY=
			</data>
			<key>hash2</key>
			<data>
			wwazjX26v9WKMW5htm0SsEtTtl0NtO5k+9ej6ObFmCU=
			</data>
		</dict>
		<key>Resources/data/analysiscrossed.bmp</key>
		<dict>
			<key>hash</key>
			<data>
			d0ixSeq5+Ayi3ajHzOZdtPLKUcI=
			</data>
			<key>hash2</key>
			<data>
			SCruj171haqJvMgdJLK9lh4kBng+5WlnGQlxMMs9JaE=
			</data>
		</dict>
		<key>Resources/data/analysiscrossed.svg</key>
		<dict>
			<key>hash</key>
			<data>
			sIyVEIMl46RUdCGsguTsoy+5XaA=
			</data>
			<key>hash2</key>
			<data>
			z873zMCdkU73YeJEdIT5qKWzMC+yCXKK/FD/7eESsL0=
			</data>
		</dict>
		<key>Resources/data/analysishigh.bmp</key>
		<dict>
			<key>hash</key>
			<data>
			3i3JMZD4S5k0eec2phwukSdITlM=
			</data>
			<key>hash2</key>
			<data>
			G5+PLmBPJvLXdizwSNeGTv5D6fokcabIUINvh9N5FJ4=
			</data>
		</dict>
		<key>Resources/data/ascii.bmp</key>
		<dict>
			<key>hash</key>
			<data>
			20SIELqGa0qMqfTFVSaG4oUl/oU=
			</data>
			<key>hash2</key>
			<data>
			FvkXTjhLDjH7xZNNeusle0xESGvxxVv4gAjR5AJa6dE=
			</data>
		</dict>
		<key>Resources/data/backward.bmp</key>
		<dict>
			<key>hash</key>
			<data>
			L436EE86RtoNNblJ79pcUdlzG94=
			</data>
			<key>hash2</key>
			<data>
			WJ5nRn3FVHZ9VvRHRQAIJ2dT+mtIeru+tacfVgGfV1w=
			</data>
		</dict>
		<key>Resources/data/backward.svg</key>
		<dict>
			<key>hash</key>
			<data>
			V+FoqWu2veFJt+HeX8ftzO/vE1I=
			</data>
			<key>hash2</key>
			<data>
			7v1Y/JS8kTPDAMZUdwZiCuSgXg2rrf5/F3nE/sosxyU=
			</data>
		</dict>
		<key>Resources/data/backwardhigh.bmp</key>
		<dict>
			<key>hash</key>
			<data>
			M7nbCN+FqYUvp6q84dvW76WIqYg=
			</data>
			<key>hash2</key>
			<data>
			qVedTbGBVHGjG9zi18zoxm0TCV4z3ipx611G+sA2sTc=
			</data>
		</dict>
		<key>Resources/data/bconnected-high.bmp</key>
		<dict>
			<key>hash</key>
			<data>
			ZMwdvLtxPzK/xIlvJFpqZIUbFDc=
			</data>
			<key>hash2</key>
			<data>
			EXqOK9rYi4+oPBYwh8jsuYIFmm4t8kPVU0PjyjocYbs=
			</data>
		</dict>
		<key>Resources/data/bconnected.bmp</key>
		<dict>
			<key>hash</key>
			<data>
			HEW98BQjsvO9eYg0rvsFesedXzA=
			</data>
			<key>hash2</key>
			<data>
			ItQiSsgxgbvCSfTQHyDL3UPzxWWutpW+k+VVGbOOAFU=
			</data>
		</dict>
		<key>Resources/data/bdisconnected-high.bmp</key>
		<dict>
			<key>hash</key>
			<data>
			VcF6IdTP8GFhZpszX1DHqRDnCP8=
			</data>
			<key>hash2</key>
			<data>
			mVe2CzEfEVeMiPeMoLoSdH3Ofz/5DExzAVr1+FLIuSw=
			</data>
		</dict>
		<key>Resources/data/bdisconnected.bmp</key>
		<dict>
			<key>hash</key>
			<data>
			xp9vIbbPWkI+iZ6mYUDrMT34eWE=
			</data>
			<key>hash2</key>
			<data>
			3fqbBdKV6Gt5MfCK6sorukTjzkw0ThCUO1DzotLuz28=
			</data>
		</dict>
		<key>Resources/data/bncconn.bmp</key>
		<dict>
			<key>hash</key>
			<data>
			lcapXOwsaZ/3oNoc25G6Ld+JbVk=
			</data>
			<key>hash2</key>
			<data>
			Jmj+n0PjDQ2+gGBmfmf/NPxfhJQJRYrQNuxPMPUg4U8=
			</data>
		</dict>
		<key>Resources/data/bncconn.svg</key>
		<dict>
			<key>hash</key>
			<data>
			nSQl1bM8Dtf3UXQN2EKdYklt3f0=
			</data>
			<key>hash2</key>
			<data>
			QujJe9jJJzIPm7AUupvSJ2TYpMDFvgJzUVgqRXNl/jM=
			</data>
		</dict>
		<key>Resources/data/bncconnhigh.bmp</key>
		<dict>
			<key>hash</key>
			<data>
			grtKTid2KEKq198eDfAGiYUAp/w=
			</data>
			<key>hash2</key>
			<data>
			wwwXGvIJgE55r5ypFzsCeClW6IqR7mNjHV+p7EekoS8=
			</data>
		</dict>
		<key>Resources/data/bupdate-high.bmp</key>
		<dict>
			<key>hash</key>
			<data>
			N+FglTrTs6FdyWHrTSKUbfb/9ag=
			</data>
			<key>hash2</key>
			<data>
			Q+XMugG4E2zFJ2HgVWgjMUrmKIwwmH7iLKBm+9IaZ6E=
			</data>
		</dict>
		<key>Resources/data/bupdate.bmp</key>
		<dict>
			<key>hash</key>
			<data>
			ilqkjb1lQ1CIernQWG0LjnJ1708=
			</data>
			<key>hash2</key>
			<data>
			3jFdXqEiISSrq14uoqQLV1WgzxUAYGVPxrmYEIrjB4o=
			</data>
		</dict>
		<key>Resources/data/calibratebtn-high.bmp</key>
		<dict>
			<key>hash</key>
			<data>
			bAG5QKwaA0YCAiTK/kNypLw4fwo=
			</data>
			<key>hash2</key>
			<data>
			d0dQURryPMQR/UyHytuHjbH9mJxjMNvrHdJ8G94wl68=
			</data>
		</dict>
		<key>Resources/data/calibratebtn-normal.bmp</key>
		<dict>
			<key>hash</key>
			<data>
			Q0R+E/9llfF0kEbz60/9qi0GKI4=
			</data>
			<key>hash2</key>
			<data>
			IC64OdS4SQxVXQng29wHKZ20aW3o5xgaN3iAA0l4kyA=
			</data>
		</dict>
		<key>Resources/data/cancel-high.bmp</key>
		<dict>
			<key>hash</key>
			<data>
			vq1+fVsGFP8jD1FMdYkuX96c12A=
			</data>
			<key>hash2</key>
			<data>
			AlEgJ4RDlwZA+8AxwL8dYIxzaw6LP1tQguktea3S+mA=
			</data>
		</dict>
		<key>Resources/data/cancel-normal.bmp</key>
		<dict>
			<key>hash</key>
			<data>
			Z6gNbwjGPqhBereo3mfdm+cbBsM=
			</data>
			<key>hash2</key>
			<data>
			ZbtSMvMaLR73R8Li1fXOOagqotZoBWzXJfdFFx/FtG0=
			</data>
		</dict>
		<key>Resources/data/ckboxoff.bmp</key>
		<dict>
			<key>hash</key>
			<data>
			tlem7KGyReic0VmeRDXE+IN9yGs=
			</data>
			<key>hash2</key>
			<data>
			Fj6mvTD3iWn5ZLrPS/7NncfIIxxF3z7js2vPFF4Skgw=
			</data>
		</dict>
		<key>Resources/data/ckboxon.bmp</key>
		<dict>
			<key>hash</key>
			<data>
			A7MfO4vMRzdBow27dRauwgsnWKQ=
			</data>
			<key>hash2</key>
			<data>
			9n2nGyB8jbHYDca/87puN++NapCuB5XEJ+S7Cgapww0=
			</data>
		</dict>
		<key>Resources/data/ckboxon.svg</key>
		<dict>
			<key>hash</key>
			<data>
			ARbBddAMIdSSm9/lo9ICZYwlOWY=
			</data>
			<key>hash2</key>
			<data>
			aRp/cD1aaxw40tJRtpQCBRzSr2MHcspYEK6JsnmqD6Q=
			</data>
		</dict>
		<key>Resources/data/config.bmp</key>
		<dict>
			<key>hash</key>
			<data>
			rOU9PYuGTi6SL49gbyThD6vKc1w=
			</data>
			<key>hash2</key>
			<data>
			vNV9aEeXKHOmRjUPXyPTQt/TI31oBB19HXDfE+A2zlc=
			</data>
		</dict>
		<key>Resources/data/config.svg</key>
		<dict>
			<key>hash</key>
			<data>
			RIHDZemFUJInglR7/wiU1ji0BIc=
			</data>
			<key>hash2</key>
			<data>
			YdOgKoX2uCVX8tep57/ibGhDYDKoAS9pVYanNPJYBS8=
			</data>
		</dict>
		<key>Resources/data/configcrossed.bmp</key>
		<dict>
			<key>hash</key>
			<data>
			1AX9/Vl4VMBZqRoiX/3btOXYXEU=
			</data>
			<key>hash2</key>
			<data>
			HShtqhiFKDvbtR/Jd0Uf/Xfm/D8z4j4owURhu5ZSxFc=
			</data>
		</dict>
		<key>Resources/data/confighigh.bmp</key>
		<dict>
			<key>hash</key>
			<data>
			Ms5yM7m4mPeAzGlwFzfw2QRAbhA=
			</data>
			<key>hash2</key>
			<data>
			G6y7bgin/autykCLLYofUE3f9YiU7HMwx1/fpBTy0g0=
			</data>
		</dict>
		<key>Resources/data/conne1.bmp</key>
		<dict>
			<key>hash</key>
			<data>
			s/TUI0FrI2/pRV24w1aZvMlxlYU=
			</data>
			<key>hash2</key>
			<data>
			EVNH5GNMJJXSrIqYzqcAErRwQZfNY45YWJ4T57tdY+c=
			</data>
		</dict>
		<key>Resources/data/conne2.bmp</key>
		<dict>
			<key>hash</key>
			<data>
			yk9Yq6P2AJK692f88cF9DGM9SJk=
			</data>
			<key>hash2</key>
			<data>
			Kkuu3J2d73qirjDcldrZkiRE3qvIRqvgznh/grpvRvU=
			</data>
		</dict>
		<key>Resources/data/conne3.bmp</key>
		<dict>
			<key>hash</key>
			<data>
			dwDcvx7mgZW2tB+tR18TsBH5oyA=
			</data>
			<key>hash2</key>
			<data>
			xjLCElRFTzMFw3ylelT5V9QP7ztCDHhpQE9P+fBXDgA=
			</data>
		</dict>
		<key>Resources/data/conne4.bmp</key>
		<dict>
			<key>hash</key>
			<data>
			7DRxRQMOPJ2K0ND9V68oVYA0h0w=
			</data>
			<key>hash2</key>
			<data>
			z9IBUbnEwx3E/h5IaPLI78iCAFKBuiwNwj1xkFedPBY=
			</data>
		</dict>
		<key>Resources/data/conne5.bmp</key>
		<dict>
			<key>hash</key>
			<data>
			3yDYLMVbrZbELm0W66X4+1awKJk=
			</data>
			<key>hash2</key>
			<data>
			5OOYae4aqU/YSLQtEBP8/Hy6AZFfqalURcwVL0xdq0s=
			</data>
		</dict>
		<key>Resources/data/conne6.bmp</key>
		<dict>
			<key>hash</key>
			<data>
			Lr80rTHuUcacNl39WIRX927X5bk=
			</data>
			<key>hash2</key>
			<data>
			hnB/bX99lNbro7B8MJLChHHMHnKs/7ZTxCIHjJkGaGI=
			</data>
		</dict>
		<key>Resources/data/connected-high.bmp</key>
		<dict>
			<key>hash</key>
			<data>
			LVHkHvCs74GIt7RlQFF15mDGlas=
			</data>
			<key>hash2</key>
			<data>
			kKn8Vf0UuUqtBcDLgDOSDKb1bey7StCryopGJRYDepI=
			</data>
		</dict>
		<key>Resources/data/connected.bmp</key>
		<dict>
			<key>hash</key>
			<data>
			RXwPBF+8VmzZQbmxkp9e5pMIfps=
			</data>
			<key>hash2</key>
			<data>
			ukoA/jRTBd8dE6Rgq1OyOlBzNzciAJilLGH4Mv/4/gc=
			</data>
		</dict>
		<key>Resources/data/connected.svg</key>
		<dict>
			<key>hash</key>
			<data>
			IsY6HnSeRzwPG5VfQDrbjH4+A1Q=
			</data>
			<key>hash2</key>
			<data>
			oCNtGQhkVEPOEaMGlO9BNAS/qG5P7fqnNQPW5nqlfN0=
			</data>
		</dict>
		<key>Resources/data/connm1.bmp</key>
		<dict>
			<key>hash</key>
			<data>
			7R7KDHrmyyF+8X9jOe1nJH4agIA=
			</data>
			<key>hash2</key>
			<data>
			2JvzdWYF+7hVsB7kMSSiGFxq2li1p5s3XBhvwyItOQE=
			</data>
		</dict>
		<key>Resources/data/connm2.bmp</key>
		<dict>
			<key>hash</key>
			<data>
			I1zcVzad+V72KhvqnawFXz09CX0=
			</data>
			<key>hash2</key>
			<data>
			enBME44HXWLe0R5BnW8nnjNsZzJCps38mCBhPFlWNg0=
			</data>
		</dict>
		<key>Resources/data/connm3.bmp</key>
		<dict>
			<key>hash</key>
			<data>
			uTD7Wby2O6/N28ec+NNmESaDYgo=
			</data>
			<key>hash2</key>
			<data>
			XRs6llkwZDCcM/zZKYNM3aWrhNP7Xel3vKX8kx1SKy4=
			</data>
		</dict>
		<key>Resources/data/connm4.bmp</key>
		<dict>
			<key>hash</key>
			<data>
			9eY4fF4Uh/ArjvGB9kDX8dG/hww=
			</data>
			<key>hash2</key>
			<data>
			SPow6yz3OD3rQT+++XGOMXs9p7tUfUD9l6b+8D6mj5o=
			</data>
		</dict>
		<key>Resources/data/connm5.bmp</key>
		<dict>
			<key>hash</key>
			<data>
			jarwaW9h2uUhmlh2VU8xOfYQbBw=
			</data>
			<key>hash2</key>
			<data>
			Z4Be7KXeWE1RnzDhWtff8bFzoVjmnpQWfWQowX5kYd0=
			</data>
		</dict>
		<key>Resources/data/connm6.bmp</key>
		<dict>
			<key>hash</key>
			<data>
			unKG5RMK57AA8VNOlEtQgK/DHzQ=
			</data>
			<key>hash2</key>
			<data>
			IQyRe6S2xQnmWRi6IK76TNYMvnfEfmS72qRfhXPEXj0=
			</data>
		</dict>
		<key>Resources/data/connp1.bmp</key>
		<dict>
			<key>hash</key>
			<data>
			mbfKD6u6MDsttdBYEunIEWOUVKg=
			</data>
			<key>hash2</key>
			<data>
			9gBjPSIq6c/QWS4KR58UP0cprYVRKAQIeTetCVSwl4I=
			</data>
		</dict>
		<key>Resources/data/connp2.bmp</key>
		<dict>
			<key>hash</key>
			<data>
			MQznCdHY7yDsTVMi87nN9oagPis=
			</data>
			<key>hash2</key>
			<data>
			Ly0t+IaqJ/ix3f9DwuuHRrzJXQHCDAFwfH4PbiQcWd8=
			</data>
		</dict>
		<key>Resources/data/connp3.bmp</key>
		<dict>
			<key>hash</key>
			<data>
			qZG7FQMGZFxt5/EXnE6tcMgKtzk=
			</data>
			<key>hash2</key>
			<data>
			ETAaM02UL+rlmtI5OcpwWBRE/uMZnoBSD+7MTKJui8U=
			</data>
		</dict>
		<key>Resources/data/connp4.bmp</key>
		<dict>
			<key>hash</key>
			<data>
			HtZYX48M/j2PeC6Pu16HTMbd1wY=
			</data>
			<key>hash2</key>
			<data>
			kX2uof/PiIZUxrWjCp96HYifxiFlrTsynftIHYA49bY=
			</data>
		</dict>
		<key>Resources/data/connp5.bmp</key>
		<dict>
			<key>hash</key>
			<data>
			aXRzumNP30fukaIdQaGNq3la/2g=
			</data>
			<key>hash2</key>
			<data>
			HLeOBaLwv9n+pn7zK3RHFiTjdCMjQeEskK/cgnaXCxw=
			</data>
		</dict>
		<key>Resources/data/connp6.bmp</key>
		<dict>
			<key>hash</key>
			<data>
			/ipSWPDLnNUg5/x06gxtYg2IXDU=
			</data>
			<key>hash2</key>
			<data>
			kEcjsH7XP08CEmezGC1wEPwK5xHoMi7t8RLu5wacVmg=
			</data>
		</dict>
		<key>Resources/data/dconne1.bmp</key>
		<dict>
			<key>hash</key>
			<data>
			LHniewqKVPO5IBdTnVHWBgu33fM=
			</data>
			<key>hash2</key>
			<data>
			YozdMDCJOQ3g5Jv5zN2vz4sQHgseHATT9MIIlrdDTGw=
			</data>
		</dict>
		<key>Resources/data/dconne2.bmp</key>
		<dict>
			<key>hash</key>
			<data>
			ex+N3VzuDKXFuyzFDeYstVJp2ss=
			</data>
			<key>hash2</key>
			<data>
			6ccPNmFxHdVOneDYGMiMOeGLxuZZOQvCZ4kvcG09A54=
			</data>
		</dict>
		<key>Resources/data/dconne3.bmp</key>
		<dict>
			<key>hash</key>
			<data>
			B/NMgG7pzd1v2iEhCV6bdT9gX8E=
			</data>
			<key>hash2</key>
			<data>
			yUvFzulXVJ3vMGqhGsV6bsSElFkviRwtWnYH4p2AtRQ=
			</data>
		</dict>
		<key>Resources/data/dconne4.bmp</key>
		<dict>
			<key>hash</key>
			<data>
			5QMFBHlDEFrTIoQY6kQa0eD3Ywk=
			</data>
			<key>hash2</key>
			<data>
			8PSpAQ94V/D/92CWQawmaIUcxpLEkLGH14SKuf9EYTs=
			</data>
		</dict>
		<key>Resources/data/dconne5.bmp</key>
		<dict>
			<key>hash</key>
			<data>
			nPnkkLw4CkahoxjV7GTj6rqDs6s=
			</data>
			<key>hash2</key>
			<data>
			AOLXDt/XUwa4bg1CnAAx9bcEWSsy2DMWdBp9eUIs7xc=
			</data>
		</dict>
		<key>Resources/data/dconne6.bmp</key>
		<dict>
			<key>hash</key>
			<data>
			CCmnZPaqsgnHaOWSlyCV4EIWljE=
			</data>
			<key>hash2</key>
			<data>
			RWx7hQjQmLUrQ/FajLVjizuojTzU/po0BlzQLLrZ2mo=
			</data>
		</dict>
		<key>Resources/data/dconnm1.bmp</key>
		<dict>
			<key>hash</key>
			<data>
			OMaRC8KXc1eaQy9vOEkXUbwuesg=
			</data>
			<key>hash2</key>
			<data>
			L+sOybCgfLLfFO1npR6hLfkEL70psWBvHUxFdeCjXPg=
			</data>
		</dict>
		<key>Resources/data/dconnm2.bmp</key>
		<dict>
			<key>hash</key>
			<data>
			8RBqlOAIe4Dh2VTeJJuFcdsuiUw=
			</data>
			<key>hash2</key>
			<data>
			MJtqhxJTnAOWBc76zewaYdaat9Re4u+xrtqGV+em63o=
			</data>
		</dict>
		<key>Resources/data/dconnm3.bmp</key>
		<dict>
			<key>hash</key>
			<data>
			GrN5NHtKQN4YspXe23t0e8348fM=
			</data>
			<key>hash2</key>
			<data>
			XShhMbLSqpN6svE+TWYF5VorocKKhsJ9svb8IlVzacc=
			</data>
		</dict>
		<key>Resources/data/dconnm4.bmp</key>
		<dict>
			<key>hash</key>
			<data>
			2r2nzx6MbsWkqg2Ajb5ZODRXMrQ=
			</data>
			<key>hash2</key>
			<data>
			RSvaZAzmWsfNoOI8Df+mVrthjgEy+AZh0wG6bIGKVRU=
			</data>
		</dict>
		<key>Resources/data/dconnm5.bmp</key>
		<dict>
			<key>hash</key>
			<data>
			/LshxHZEpjpb4WJZUFgtLtFlNik=
			</data>
			<key>hash2</key>
			<data>
			VX8/eGLth07k46o8xLa5mgi0Ok4LX84Z6uee/rUY23Y=
			</data>
		</dict>
		<key>Resources/data/dconnm6.bmp</key>
		<dict>
			<key>hash</key>
			<data>
			T6sJes8Fgzh1ppxiQsYCvEcdnZ4=
			</data>
			<key>hash2</key>
			<data>
			vFbYzhIAO30DqqEDdMAXKIDIKWTKWsCmQ0UFHFCj7mo=
			</data>
		</dict>
		<key>Resources/data/dconnp1.bmp</key>
		<dict>
			<key>hash</key>
			<data>
			d4eKgAQQQcEUBEJDvQdh5EY5i+Q=
			</data>
			<key>hash2</key>
			<data>
			R3t0rh/HwB6yi7l4F1q0blOEiMaGr7bRLJQf81+Bvkg=
			</data>
		</dict>
		<key>Resources/data/dconnp2.bmp</key>
		<dict>
			<key>hash</key>
			<data>
			hkbhR66ZhcWR/yqteWXQwHKbSDA=
			</data>
			<key>hash2</key>
			<data>
			VsNTmu1FHE+LFfvfFaGFWrj0lQyq4FMPF0Byo9UiT5I=
			</data>
		</dict>
		<key>Resources/data/dconnp3.bmp</key>
		<dict>
			<key>hash</key>
			<data>
			X1oEgYWUw8Wacr5SGW+2GTv+rbY=
			</data>
			<key>hash2</key>
			<data>
			2a+swtnc4TYm0XCa6nECPLU0TFnEMcO5M+bYI9ZI+A4=
			</data>
		</dict>
		<key>Resources/data/dconnp4.bmp</key>
		<dict>
			<key>hash</key>
			<data>
			Zo45y68b4/s/L0aBQf9fP+6In9s=
			</data>
			<key>hash2</key>
			<data>
			a50KWR8CIY9Sy4Gq8qde3rTQtOG96XYROagV5Aq5vjM=
			</data>
		</dict>
		<key>Resources/data/dconnp5.bmp</key>
		<dict>
			<key>hash</key>
			<data>
			+JeepjH/Vc4Xk8dQwCHO9H0P9FU=
			</data>
			<key>hash2</key>
			<data>
			lKhoWgtNRWm6KaZAcOcr2+mUQofihO/cx0AObqyE1sk=
			</data>
		</dict>
		<key>Resources/data/dconnp6.bmp</key>
		<dict>
			<key>hash</key>
			<data>
			Gaes2GfZPPsTeWxd/qXIuduy7sA=
			</data>
			<key>hash2</key>
			<data>
			f6LV+4nMBa+YTiQuv8o3enAnyBLLdj8Aub0sk9qybDE=
			</data>
		</dict>
		<key>Resources/data/devbrd.bmp</key>
		<dict>
			<key>hash</key>
			<data>
			QoIkkk/4FBTAM3IB5Xz8YjRcgXQ=
			</data>
			<key>hash2</key>
			<data>
			9n+CryJSvT/pX5YGYtNE4tAvktgnLxSdWQzupfbDBXs=
			</data>
		</dict>
		<key>Resources/data/devbrd.svg</key>
		<dict>
			<key>hash</key>
			<data>
			BvV27rz6djtnyXEtfoJoobyvxps=
			</data>
			<key>hash2</key>
			<data>
			AxX9h07ganHfb1wjRcKEREXx2dwkV6u+Ydp9KW79ycw=
			</data>
		</dict>
		<key>Resources/data/devbrdhigh.bmp</key>
		<dict>
			<key>hash</key>
			<data>
			gAmhEC5A2mLxl/+ea/sPCnQa+E0=
			</data>
			<key>hash2</key>
			<data>
			PcZENd6xip7qTutLjPtIlw+QwVQGZS0O1Gt+aZgqum4=
			</data>
		</dict>
		<key>Resources/data/disconnected-high.bmp</key>
		<dict>
			<key>hash</key>
			<data>
			pJfdirWbRzIsPoHbkgpLxycTRzQ=
			</data>
			<key>hash2</key>
			<data>
			yiZF6LK6VrQI1W/X6OULpyXCMTLcyq9cqZRSVrMFTs8=
			</data>
		</dict>
		<key>Resources/data/disconnected.bmp</key>
		<dict>
			<key>hash</key>
			<data>
			sNboE5jHJgfrcSJXQY66jJjo0NA=
			</data>
			<key>hash2</key>
			<data>
			vyrmweE1pqPXMZOgFEaooo2UsZpSYsPg8GgsIzsEOWg=
			</data>
		</dict>
		<key>Resources/data/disconnected.svg</key>
		<dict>
			<key>hash</key>
			<data>
			IsY6HnSeRzwPG5VfQDrbjH4+A1Q=
			</data>
			<key>hash2</key>
			<data>
			oCNtGQhkVEPOEaMGlO9BNAS/qG5P7fqnNQPW5nqlfN0=
			</data>
		</dict>
		<key>Resources/data/dropdown.bmp</key>
		<dict>
			<key>hash</key>
			<data>
			x5KH9RC/rPYH5mym11CGhgAlBZU=
			</data>
			<key>hash2</key>
			<data>
			tzjTxnn/f9mQ5mc0SWLPBEkCGdeaz00Ub/asB4Z5VlU=
			</data>
		</dict>
		<key>Resources/data/dropdown.svg</key>
		<dict>
			<key>hash</key>
			<data>
			eZWypjS5D5gTISOlP+G5rw+i7To=
			</data>
			<key>hash2</key>
			<data>
			q+jwLiwCmMPrA2Uxo5ZFq7f7IS7L48DsoMQ7nLiPvV4=
			</data>
		</dict>
		<key>Resources/data/drum.wav</key>
		<dict>
			<key>hash</key>
			<data>
			OnMSHU+Ar7Ps2irPHK1vgJdFUkQ=
			</data>
			<key>hash2</key>
			<data>
			7yvyUG8wiDIei1MWqUVA5+qT2rmAac28HQTuHNnVjtM=
			</data>
		</dict>
		<key>Resources/data/e1.bmp</key>
		<dict>
			<key>hash</key>
			<data>
			dsDR98MXvuCRgY704K5VAxlxXIw=
			</data>
			<key>hash2</key>
			<data>
			b5R6ATqDBeFeUTGJaJzLxCFvmG+dGnGYihf+I9yoC1w=
			</data>
		</dict>
		<key>Resources/data/e1.svg</key>
		<dict>
			<key>hash</key>
			<data>
			p5nUL3zaKYvX79kWOKZOEygCVbY=
			</data>
			<key>hash2</key>
			<data>
			ttabEv5Ek1FmvW3Fv0a9qN/GgmLiT/KG50Iukiv+3D4=
			</data>
		</dict>
		<key>Resources/data/e10.bmp</key>
		<dict>
			<key>hash</key>
			<data>
			olXj1ezo4WzegDhKBAhDN7YBIXk=
			</data>
			<key>hash2</key>
			<data>
			FiSQhQd5PW7dvBZZbnxVFXdjHNrqngdIC7dF/Im96tM=
			</data>
		</dict>
		<key>Resources/data/e2.bmp</key>
		<dict>
			<key>hash</key>
			<data>
			Zob0aBgtrOE4JonsOeLy1fURQZ4=
			</data>
			<key>hash2</key>
			<data>
			Mx1wVdj1ggRd1EaAfy3GFMsjtLzeRsHfsvIuFumGE44=
			</data>
		</dict>
		<key>Resources/data/e2.svg</key>
		<dict>
			<key>hash</key>
			<data>
			xeDPcZeZ8JlezHZy0p/Rpv7SGDk=
			</data>
			<key>hash2</key>
			<data>
			KxHFml5OThabHfqMPeiErsmfG5gxMcl31uGFD5o/PYY=
			</data>
		</dict>
		<key>Resources/data/e3.bmp</key>
		<dict>
			<key>hash</key>
			<data>
			5LC7j7re/tkWplLk+aPT261pjhI=
			</data>
			<key>hash2</key>
			<data>
			C+miX+zwrx336wOjXlQSDn1vSgS5qG5bXphXDvyP7WA=
			</data>
		</dict>
		<key>Resources/data/e3.svg</key>
		<dict>
			<key>hash</key>
			<data>
			V172XKH4wAK/qjiMjWntQe4N8No=
			</data>
			<key>hash2</key>
			<data>
			eNyQwvJNs+sJAS8fqP+h9kpu6jkpQLi9jtFWsj5ZGTc=
			</data>
		</dict>
		<key>Resources/data/e4.bmp</key>
		<dict>
			<key>hash</key>
			<data>
			F6Pf7/7tKsp0oXrEkv0WxLztNFM=
			</data>
			<key>hash2</key>
			<data>
			yvUkY1bJe0w6ekxW0i4XHPSjT9hdthTN21VYXBCPaPE=
			</data>
		</dict>
		<key>Resources/data/e4.svg</key>
		<dict>
			<key>hash</key>
			<data>
			aG2IDDqR+scF1mGv4g4XI6AQdzk=
			</data>
			<key>hash2</key>
			<data>
			Dfg9UQeDb9NZePlG/tAr0w7SvXdPd3G5IUXhHlRS7zY=
			</data>
		</dict>
		<key>Resources/data/e5.bmp</key>
		<dict>
			<key>hash</key>
			<data>
			GNGh3e6xBu4ujsgZbqyxo8mzlU8=
			</data>
			<key>hash2</key>
			<data>
			pCyHsR1Zy1ZtmoyTzKdJK08p0+KI0Br5BqAob9nMqGQ=
			</data>
		</dict>
		<key>Resources/data/e5.svg</key>
		<dict>
			<key>hash</key>
			<data>
			s/0Iy75rmJt1JaK0Ap+LvvWENxE=
			</data>
			<key>hash2</key>
			<data>
			bhwWAc3So5W0q+oit5pq7j1jF8qoV8fOWh7I23AF7Dg=
			</data>
		</dict>
		<key>Resources/data/e6.bmp</key>
		<dict>
			<key>hash</key>
			<data>
			TAQ0GNmNd5UXZdJHlVFTRbQrbRY=
			</data>
			<key>hash2</key>
			<data>
			pnMc8Uj+eHskO46fHlIBnpCq81Ei9ZeP33QtK57rSZk=
			</data>
		</dict>
		<key>Resources/data/e6.svg</key>
		<dict>
			<key>hash</key>
			<data>
			dZj4Z/HbxzP/Ma7BKlQHyYxkCVQ=
			</data>
			<key>hash2</key>
			<data>
			QY3C4M66ptpw3BxXDVPBAIrkfZ+O2Hz5qd8fd2rxKF4=
			</data>
		</dict>
		<key>Resources/data/e7.bmp</key>
		<dict>
			<key>hash</key>
			<data>
			l/gex/ZbQua9D3UcXiPzGVlFdSc=
			</data>
			<key>hash2</key>
			<data>
			LDAp6jiY2mx86FHxZwxvwkbumc8ye8p0I0MCeu8uVss=
			</data>
		</dict>
		<key>Resources/data/e7.svg</key>
		<dict>
			<key>hash</key>
			<data>
			p5nUL3zaKYvX79kWOKZOEygCVbY=
			</data>
			<key>hash2</key>
			<data>
			ttabEv5Ek1FmvW3Fv0a9qN/GgmLiT/KG50Iukiv+3D4=
			</data>
		</dict>
		<key>Resources/data/e8.bmp</key>
		<dict>
			<key>hash</key>
			<data>
			TzS5TZLEiXjuQg5JDM59vzAm10A=
			</data>
			<key>hash2</key>
			<data>
			RspSg2zAHgJNXXDpx/4k9rO/uG+LZiMhqHeL46ZwxNc=
			</data>
		</dict>
		<key>Resources/data/e8.svg</key>
		<dict>
			<key>hash</key>
			<data>
			NQ6FLJMrc77OUAvqYjkDnoMOfZs=
			</data>
			<key>hash2</key>
			<data>
			OwTXojDlUQjtgGe/pl2kwD3m6bMduurscCUePqcSv6o=
			</data>
		</dict>
		<key>Resources/data/e9.bmp</key>
		<dict>
			<key>hash</key>
			<data>
			t6btuyxdU/ujnoZcaiIVVm6/KrU=
			</data>
			<key>hash2</key>
			<data>
			GcccMs0izNa9RRoMhONXs4aHPgLbuZF0Bn9m5OzZCno=
			</data>
		</dict>
		<key>Resources/data/e9.svg</key>
		<dict>
			<key>hash</key>
			<data>
			AMAr8On0VOCr8DCpf6a7buZb0hM=
			</data>
			<key>hash2</key>
			<data>
			4np3OSFemDQGFTzT68FKvQUyx8kRjFGdq3KqqZLW0ck=
			</data>
		</dict>
		<key>Resources/data/ekg.bmp</key>
		<dict>
			<key>hash</key>
			<data>
			ULk83RCYEniyMu5UHnqqDaFydpc=
			</data>
			<key>hash2</key>
			<data>
			7fgP8zjpiSdwO9C/VbQ/5I17duF7EMgoT6ootjFjqQ4=
			</data>
		</dict>
		<key>Resources/data/ekg.svg</key>
		<dict>
			<key>hash</key>
			<data>
			GjbmySlCp27RoCAG+YQMAW2rwgg=
			</data>
			<key>hash2</key>
			<data>
			7kBXDNnS5a5WSpTlQKz8zplnhK+cEPEAP0F1UK7hq0Y=
			</data>
		</dict>
		<key>Resources/data/ekg.wav</key>
		<dict>
			<key>hash</key>
			<data>
			wwhOTqTwdfFnadA2OAJ3ShKaG2Q=
			</data>
			<key>hash2</key>
			<data>
			s+IMXojMuHBVcLK5w0gRj9Jzpq+WPqdmpBydvQQjRAU=
			</data>
		</dict>
		<key>Resources/data/ekghigh.bmp</key>
		<dict>
			<key>hash</key>
			<data>
			2yBRQEmIWCeJndQeRWX0SLXovmA=
			</data>
			<key>hash2</key>
			<data>
			R+/Cd5IoXZvU853vHu4l2RCpox6ipo2JqzEjdqThnIU=
			</data>
		</dict>
		<key>Resources/data/emgprocon.bmp</key>
		<dict>
			<key>hash</key>
			<data>
			o2Zms6Jdk/ugVT8H7XelwECCssM=
			</data>
			<key>hash2</key>
			<data>
			uONPDx0MPGDxQzG2wDM3tjRLp3JrXzKDZ3pbJoa773Q=
			</data>
		</dict>
		<key>Resources/data/emgproconhigh.bmp</key>
		<dict>
			<key>hash</key>
			<data>
			1UDsl3XP5JWRV2aJ0yY4fnUUkvc=
			</data>
			<key>hash2</key>
			<data>
			Rp7XAU5j/TUrHoCj3gizeNTXlTziNU43/GRnAEngpZQ=
			</data>
		</dict>
		<key>Resources/data/emgprodiscon.bmp</key>
		<dict>
			<key>hash</key>
			<data>
			S8kFn7lWD6sq3ivChlYWx5RhqnM=
			</data>
			<key>hash2</key>
			<data>
			nJK4uCcD4cQpynn2RpHPBBh26KyjlUJKiF7aEP3hSro=
			</data>
		</dict>
		<key>Resources/data/fft.bmp</key>
		<dict>
			<key>hash</key>
			<data>
			3+MrA3UZ7r+m/jQoRnJwGZbUJe8=
			</data>
			<key>hash2</key>
			<data>
			+79hEcVdto2GnCUb30cX2ZePofr33NXWNEmfChlnc9A=
			</data>
		</dict>
		<key>Resources/data/fft.svg</key>
		<dict>
			<key>hash</key>
			<data>
			65GROlcMa9UWt9/JBLYt9bIJ3GA=
			</data>
			<key>hash2</key>
			<data>
			zh29o9CPulGLio/cBs97jkrYQgS3rYYemHaGq+T9Nr4=
			</data>
		</dict>
		<key>Resources/data/fftcrossed.bmp</key>
		<dict>
			<key>hash</key>
			<data>
			L2AHlCj4HUlWsKXwjiDvYVTFG8w=
			</data>
			<key>hash2</key>
			<data>
			ORwsRhCHiDjJQHs0Mu5BbSQs67UmpifUOWIl6p88G/A=
			</data>
		</dict>
		<key>Resources/data/ffthigh.bmp</key>
		<dict>
			<key>hash</key>
			<data>
			JD27c04pA7b3iYec6HC4dFH3iYQ=
			</data>
			<key>hash2</key>
			<data>
			lmkCUseD+1wC3zLwzE+go8LZXXk5BEWNRBhcr0acAIY=
			</data>
		</dict>
		<key>Resources/data/file.bmp</key>
		<dict>
			<key>hash</key>
			<data>
			n4moFoA5n96WUIV1y1yA6kZl+TQ=
			</data>
			<key>hash2</key>
			<data>
			x6ndlB/xbBysPk/c2sR/6X39M5HjSVl387rUwSfHzE4=
			</data>
		</dict>
		<key>Resources/data/file.svg</key>
		<dict>
			<key>hash</key>
			<data>
			cXmt97EPbOsZnKY/A7P72RnwEoE=
			</data>
			<key>hash2</key>
			<data>
			c0jbphOa1FkzdnI1XVV5GId2gHBHJCpBcQ+ylw5E7sI=
			</data>
		</dict>
		<key>Resources/data/filehigh.bmp</key>
		<dict>
			<key>hash</key>
			<data>
			KIYSlJArzeIOuAoL1JBq59KqzEE=
			</data>
			<key>hash2</key>
			<data>
			2lLM2zEmVn9gCtAMOKTdeWvZvHCl+cjHre5pF3ZxDGw=
			</data>
		</dict>
		<key>Resources/data/forward.bmp</key>
		<dict>
			<key>hash</key>
			<data>
			xxcj1UTw00x1BknotYihHqtjIBU=
			</data>
			<key>hash2</key>
			<data>
			UewNdJNjWkulHgM5E4m9FxD7O5MeX7Ms8swgRsIpVMs=
			</data>
		</dict>
		<key>Resources/data/forward.svg</key>
		<dict>
			<key>hash</key>
			<data>
			JdAeMIa+8aXr6G7UfPQ10XzxXJE=
			</data>
			<key>hash2</key>
			<data>
			sqSpMqIWZUBR7qM1r3k3vXX/j0Dd7R1VH0bfOqOaYSg=
			</data>
		</dict>
		<key>Resources/data/forwardhigh.bmp</key>
		<dict>
			<key>hash</key>
			<data>
			sZh4e4Sqr//HxozP0fSxZ793LBY=
			</data>
			<key>hash2</key>
			<data>
			MTZ4uEWPKRYkjRsdcBEL8XnajUOO26tjiy1f0ZB0GDw=
			</data>
		</dict>
		<key>Resources/data/gaindown.bmp</key>
		<dict>
			<key>hash</key>
			<data>
			HOrDL7AgTqdi1zAkKoIsfexoAAY=
			</data>
			<key>hash2</key>
			<data>
			l7AcR3ei8+E2XOZtgftV7lw5bamWrFkuqkwJQrHkPMo=
			</data>
		</dict>
		<key>Resources/data/gainup.bmp</key>
		<dict>
			<key>hash</key>
			<data>
			CUeUmIAngGQffuP7chx2paUnT0k=
			</data>
			<key>hash2</key>
			<data>
			gzh5cQNPEq2blIjcyPQk0e0/+VRNnYLWICEN1fmX1Vg=
			</data>
		</dict>
		<key>Resources/data/gainup.svg</key>
		<dict>
			<key>hash</key>
			<data>
			orPMY+BAaVM28IXdT7CfeklrpII=
			</data>
			<key>hash2</key>
			<data>
			2DgTJaUHiouoCtk4W/4LAQbEOKoAMWW3Uiw3KIM/ELc=
			</data>
		</dict>
		<key>Resources/data/heart.bmp</key>
		<dict>
			<key>hash</key>
			<data>
			emhSVwC/A304Hj3W6B4Yi2T9RmY=
			</data>
			<key>hash2</key>
			<data>
			a1Z6+kuWyAmYYMLO34KVR66+R9GJ4FjqNvuzK4syrno=
			</data>
		</dict>
		<key>Resources/data/heart.svg</key>
		<dict>
			<key>hash</key>
			<data>
			fEb9N4VV2W0xmo1GyAc+ghKH07U=
			</data>
			<key>hash2</key>
			<data>
			09AY80676qPMMbGjLOZRt6XOlmeW6/LK/gPwGQ9sJIc=
			</data>
		</dict>
		<key>Resources/data/heartcon.bmp</key>
		<dict>
			<key>hash</key>
			<data>
			snHzeOuzuhukjv2BYgMn7I+Df4E=
			</data>
			<key>hash2</key>
			<data>
			rGJ4AEvkHQS9ZefjKd1LADKQoyk4kypZSpx7eflStbA=
			</data>
		</dict>
		<key>Resources/data/heartconhigh.bmp</key>
		<dict>
			<key>hash</key>
			<data>
			40qX8+CmU1TnkDDuzUdsS5TkF/Y=
			</data>
			<key>hash2</key>
			<data>
			3k4gI5f5CUthg07MWBk4EYs7ze5beSahnxboxiN6nHs=
			</data>
		</dict>
		<key>Resources/data/heartdiscon.bmp</key>
		<dict>
			<key>hash</key>
			<data>
			03suqwoop1xfTEbioPO9BrANeJA=
			</data>
			<key>hash2</key>
			<data>
			ZugABAxYO14bjvD7rM/Rmcv7yucnZeNbFupJKgWMQKQ=
			</data>
		</dict>
		<key>Resources/data/musclecon.bmp</key>
		<dict>
			<key>hash</key>
			<data>
			2KUDnymiKOtFEHLkEVgV08KXPRU=
			</data>
			<key>hash2</key>
			<data>
			MV/4HYNKwLgUKaLpf8zTgPv0D/xcfrAbYeGA2rJi3zU=
			</data>
		</dict>
		<key>Resources/data/muscleconhigh.bmp</key>
		<dict>
			<key>hash</key>
			<data>
			rNfGIroziKjwfzmUWu+6z6gqchE=
			</data>
			<key>hash2</key>
			<data>
			l8aDcf6lvxsv4szFVebJhlsQMHj9YwMCH775/0D+RCY=
			</data>
		</dict>
		<key>Resources/data/musclediscon.bmp</key>
		<dict>
			<key>hash</key>
			<data>
			/1PDFczn+HXmV1VDsdg0/SZsdns=
			</data>
			<key>hash2</key>
			<data>
			SQoXXIU211Bxzg3qII0VTZlnhUG1lmXzFhv6cjf6atU=
			</data>
		</dict>
		<key>Resources/data/neuronprocon.bmp</key>
		<dict>
			<key>hash</key>
			<data>
			Df4VhY4/2H4HzssPJHuxNqbiXms=
			</data>
			<key>hash2</key>
			<data>
			83/9wsW94cs21vyv6kQo6WM4HH04Q52iGQrAcK4UQCc=
			</data>
		</dict>
		<key>Resources/data/neuronproconhigh.bmp</key>
		<dict>
			<key>hash</key>
			<data>
			jELi1kPe7vyI28P33sJGFHrgl/o=
			</data>
			<key>hash2</key>
			<data>
			m57calr8gMb0UikVl5MieVpk9gS1rggtH0ZTFTVoQoE=
			</data>
		</dict>
		<key>Resources/data/neuronprodiscon.bmp</key>
		<dict>
			<key>hash</key>
			<data>
			5niOcjlylNDp0GjfQ5PRSRQDTFQ=
			</data>
			<key>hash2</key>
			<data>
			z3+ItufxMYtO4R4kL5hgtSbIHmfYBd0pYpNWaW9dl2s=
			</data>
		</dict>
		<key>Resources/data/okbtn-high.bmp</key>
		<dict>
			<key>hash</key>
			<data>
			KQKy4ENWGsD85Hh7FK2FT7G8DsY=
			</data>
			<key>hash2</key>
			<data>
			kGzISr7KOjrubziWqNeUqTnL8WO7z40PcSd2GtBIos8=
			</data>
		</dict>
		<key>Resources/data/okbtn-normal.bmp</key>
		<dict>
			<key>hash</key>
			<data>
			ZKCbhRYXrM5XaoC5sIYMHz0Mom0=
			</data>
			<key>hash2</key>
			<data>
			Nhg0XkjQcl7oya8f1xMfP8mXZbK3aS0a2vUDrgOGt3w=
			</data>
		</dict>
		<key>Resources/data/okbtn.bmp</key>
		<dict>
			<key>hash</key>
			<data>
			CffL1eUIFu4VqruCzCepekbiqlM=
			</data>
			<key>hash2</key>
			<data>
			BFbcWW4TwRCwRHnhKQ0lmcmdRNaNX0lV1vS+Bs3Q+oQ=
			</data>
		</dict>
		<key>Resources/data/okbtn.svg</key>
		<dict>
			<key>hash</key>
			<data>
			gs8a+oCgNYNOgjbs7DcLO56kdsE=
			</data>
			<key>hash2</key>
			<data>
			LoMQCXm6QHnI43gnAfqyiZVDenv3Z4Fv4VFCe4Vbo4E=
			</data>
		</dict>
		<key>Resources/data/okbtnhigh.bmp</key>
		<dict>
			<key>hash</key>
			<data>
			CRyBcYusK/WIQI0WmLJfNp7ICQI=
			</data>
			<key>hash2</key>
			<data>
			e4QIGjYNewoRxW7wN1jNJJ46LeqBxy3Fz6osfuJlkN8=
			</data>
		</dict>
		<key>Resources/data/pause.bmp</key>
		<dict>
			<key>hash</key>
			<data>
			mfPKfMl5TOVqBIEfXmVqVMgypVk=
			</data>
			<key>hash2</key>
			<data>
			ioraQcS/RYwU76zZtvTXeqyg1hwGkfjt5ExonbdRh8g=
			</data>
		</dict>
		<key>Resources/data/pause.svg</key>
		<dict>
			<key>hash</key>
			<data>
			C36E0XcKcakJsNNPpYi16oNdSkg=
			</data>
			<key>hash2</key>
			<data>
			a3jFfPRvLJzdpLeNOuCYAJww6wkXzEyDd5WJmdBK7Rs=
			</data>
		</dict>
		<key>Resources/data/pausehigh.bmp</key>
		<dict>
			<key>hash</key>
			<data>
			7PkSmgqeMQ3tNDJN6GgYIoDzQvo=
			</data>
			<key>hash2</key>
			<data>
			C4V5ZPHKGsrxkfuiSUF8zNL6QH4x7Z/OamPdZMBC63A=
			</data>
		</dict>
		<key>Resources/data/pin.bmp</key>
		<dict>
			<key>hash</key>
			<data>
			b8Ce7E04ffnnggUy388gwwB55DQ=
			</data>
			<key>hash2</key>
			<data>
			CmsvRhfAs7+hLOt3ZKFUCDgkjn9LK0i+VrXvl6aMX6E=
			</data>
		</dict>
		<key>Resources/data/pin.svg</key>
		<dict>
			<key>hash</key>
			<data>
			lfDZ4Bi3PUpdJHptm+dGxgQhts4=
			</data>
			<key>hash2</key>
			<data>
			kGMAaktqcsaSQ65z4ppCKgacSoC+XIepPLLGKBnQw+E=
			</data>
		</dict>
		<key>Resources/data/plantcon.bmp</key>
		<dict>
			<key>hash</key>
			<data>
			rLWfd/ecHFgj0ntT7qVHP6BuhBk=
			</data>
			<key>hash2</key>
			<data>
			PTI54hzbMfMHTm7xdFK6sADQ56HT3CR4hMfEtXhJMN8=
			</data>
		</dict>
		<key>Resources/data/plantconhigh.bmp</key>
		<dict>
			<key>hash</key>
			<data>
			VbOmtPCszhqlSwV8hMYfBT/nwj0=
			</data>
			<key>hash2</key>
			<data>
			AiltMrGYHeyhNEFVh8m/tapKRBpgjVJhFuSmbuFyLw8=
			</data>
		</dict>
		<key>Resources/data/plantdiscon.bmp</key>
		<dict>
			<key>hash</key>
			<data>
			dBXIixI6wNUUhErgw2dY7sgQ7zE=
			</data>
			<key>hash2</key>
			<data>
			S4EPAV5v0huL7V9RZZhBa0+AXnhh4HOzEc7Bh4ZtRto=
			</data>
		</dict>
		<key>Resources/data/play.bmp</key>
		<dict>
			<key>hash</key>
			<data>
			90KHpcCcGllQGTVUJtqTnp769Uw=
			</data>
			<key>hash2</key>
			<data>
			k34wj71ThUNXJNlE5gNTGsDNFgVEXUHB6K8LTdZWTvY=
			</data>
		</dict>
		<key>Resources/data/play.svg</key>
		<dict>
			<key>hash</key>
			<data>
			Am9r0xILyA+JTprr78dF1FrPlMI=
			</data>
			<key>hash2</key>
			<data>
			S2usc19rr7PI4d9mF0b2j/UJMbbOrmnWhEoR9+UlAyM=
			</data>
		</dict>
		<key>Resources/data/playhigh.bmp</key>
		<dict>
			<key>hash</key>
			<data>
			6HfThFd4aQxVJKnj3WiezoZa3p0=
			</data>
			<key>hash2</key>
			<data>
			TixoVkbjoKfNJYWn3kXzELRLADSgLUZqSWn4gVShLEk=
			</data>
		</dict>
		<key>Resources/data/plotview.bmp</key>
		<dict>
			<key>hash</key>
			<data>
			rfttW/L1PdTHxN1phvmgxWjrSzA=
			</data>
			<key>hash2</key>
			<data>
			VrJctt1T9W+CQlksBj264KvL5dQB0CoGLYoljGIr72I=
			</data>
		</dict>
		<key>Resources/data/plotview.svg</key>
		<dict>
			<key>hash</key>
			<data>
			SFeDJ87KoqYh3+oSvcLIjHwB8gg=
			</data>
			<key>hash2</key>
			<data>
			IyVuV7MJh10XX81Vql80fzMDD7f5HIhQdJbGb3Itaho=
			</data>
		</dict>
		<key>Resources/data/plotviewdown.bmp</key>
		<dict>
			<key>hash</key>
			<data>
			2UkeUWjURKmgGhzqeZoeeu60B7I=
			</data>
			<key>hash2</key>
			<data>
			BtCsjBLBtIrNyqL3TQnarb97kLJ2rFSZPsI3rbpm0zs=
			</data>
		</dict>
		<key>Resources/data/plotviewdownhigh.bmp</key>
		<dict>
			<key>hash</key>
			<data>
			mhAXaMFULZLipEDTr7TqUsZLajw=
			</data>
			<key>hash2</key>
			<data>
			U/a/pIBZycj2F8dacA7Fi0xDKvQku5dSU6ZSH/zcZ9k=
			</data>
		</dict>
		<key>Resources/data/plotviewhigh.bmp</key>
		<dict>
			<key>hash</key>
			<data>
			OOzW8Vluq4LLQMc7Tn/lVVPJZR8=
			</data>
			<key>hash2</key>
			<data>
			8jAvVhEej1IZGjZdZKIjwQmge0qn5ISB+FnYd/PWri4=
			</data>
		</dict>
		<key>Resources/data/rec.bmp</key>
		<dict>
			<key>hash</key>
			<data>
			htvZtpmfIosyRL2DttZ2soE0djc=
			</data>
			<key>hash2</key>
			<data>
			o3D4dxEUt+dSE8VJXo3YQvDAcDl2tCVV9GN3oqGQCUc=
			</data>
		</dict>
		<key>Resources/data/rec.svg</key>
		<dict>
			<key>hash</key>
			<data>
			ggR4fI9k/Yu9W6LEkIUmexEA3F0=
			</data>
			<key>hash2</key>
			<data>
			dY3O9BquUvb8yPnPpHN2BYnZvCRIq8hBIBEJRSZM4Ec=
			</data>
		</dict>
		<key>Resources/data/rechigh.bmp</key>
		<dict>
			<key>hash</key>
			<data>
			tbt7afnTtDImLDzQtT4Lvqd1lZQ=
			</data>
			<key>hash2</key>
			<data>
			ygCkjadsVfQkSuv1ESbPDul6fiLAgN9JpG1E1KntzCA=
			</data>
		</dict>
		<key>Resources/data/rtimer.bmp</key>
		<dict>
			<key>hash</key>
			<data>
			GtcYYxTYES4Cz4mvWZ+FzG7aKdE=
			</data>
			<key>hash2</key>
			<data>
			Q2Y26g7hd1UgDvIpYvTJ07jr8sjspeYreFgn26uZCWY=
			</data>
		</dict>
		<key>Resources/data/rtimer.svg</key>
		<dict>
			<key>hash</key>
			<data>
			3tQp1DNUBU/JoEyWc/Q8ggNlBMM=
			</data>
			<key>hash2</key>
			<data>
			ezVFiaMRTDD1FHFrGJm/THLO8HP6K2oZD4id1d4cw3s=
			</data>
		</dict>
		<key>Resources/data/rtimerhigh.bmp</key>
		<dict>
			<key>hash</key>
			<data>
			Mi216Q8QiUUZ0do7lvWz+n/7cJM=
			</data>
			<key>hash2</key>
			<data>
			rGyfH3/3bdporYnO5gkuK4LsvZAkbVIQt4d25444pQo=
			</data>
		</dict>
		<key>Resources/data/save.bmp</key>
		<dict>
			<key>hash</key>
			<data>
			kdX6ct8oKyttLOyqiw4QRUZzl/U=
			</data>
			<key>hash2</key>
			<data>
			WzmWrJfC29NTgWZei34dW+UFdv/jXdXSks+AstFQ/Y4=
			</data>
		</dict>
		<key>Resources/data/save.svg</key>
		<dict>
			<key>hash</key>
			<data>
			zVVYW30GvYCPQR0j7M5E5K+6U3Q=
			</data>
			<key>hash2</key>
			<data>
			Q2Khe0zJ2z/0w8kccPYI28y2RiPMEa1rfkHfxzzaYNU=
			</data>
		</dict>
		<key>Resources/data/savehigh.bmp</key>
		<dict>
			<key>hash</key>
			<data>
			wriHFEiwKbR4Q6XXSYW20MbCt00=
			</data>
			<key>hash2</key>
			<data>
			DW/hmKtUFcVLBtWNjpGkaljSiLpaHwAJRMM5cMJQI64=
			</data>
		</dict>
		<key>Resources/data/speaker.bmp</key>
		<dict>
			<key>hash</key>
			<data>
			aJqTIC6tIzBIPap89owHxAYo8AQ=
			</data>
			<key>hash2</key>
			<data>
			sgvv0jnWf6uxmp3W3SETdJ0hD8kAboCS0tPGqEuuctE=
			</data>
		</dict>
		<key>Resources/data/speaker.svg</key>
		<dict>
			<key>hash</key>
			<data>
			Gdr6bTTvr0XJZTURcflQnZKQAfE=
			</data>
			<key>hash2</key>
			<data>
			iUp1Bbo+Kdsyh+wIQ6zZYcXKu72WtoNmAhPKq10O2+I=
			</data>
		</dict>
		<key>Resources/data/speakeroff.bmp</key>
		<dict>
			<key>hash</key>
			<data>
			uz1cVE3RbynB9xoxD88NY7Lmopk=
			</data>
			<key>hash2</key>
			<data>
			ElwTrp/LKISZwYc75YFPhBgDIoBEf1AYW1GLvxA6z+4=
			</data>
		</dict>
		<key>Resources/data/thresh.bmp</key>
		<dict>
			<key>hash</key>
			<data>
			tSPTbE/5z4gS2R8cJjtHOmv0b0s=
			</data>
			<key>hash2</key>
			<data>
			1E3CCSBa52M6ZLSwrT+L0/cufa+Q+lZ8OqYOTCBwmNY=
			</data>
		</dict>
		<key>Resources/data/thresh.svg</key>
		<dict>
			<key>hash</key>
			<data>
			+elI++N4eKVaR4jv4forLc2qvws=
			</data>
			<key>hash2</key>
			<data>
			PHJKc2R0lCRfQO3rLNjwScTiU+P2W6lIBe9MAubjlpU=
			</data>
		</dict>
		<key>Resources/data/threshcrossed.bmp</key>
		<dict>
			<key>hash</key>
			<data>
			spijBMBMSprSa30aYzsINIz07B0=
			</data>
			<key>hash2</key>
			<data>
			o0CEy1vaeVWaXjnfcBP98JEyeTuMNrKRDeFUtV1CNTE=
			</data>
		</dict>
		<key>Resources/data/threshhigh.bmp</key>
		<dict>
			<key>hash</key>
			<data>
			nycRgJjKnNHg7JJ4LYnMd7Rd5vQ=
			</data>
			<key>hash2</key>
			<data>
			6iNQzPrjt2DErjEziCJ05DhcO4d3Kc/MAaGdUdvgqzQ=
			</data>
		</dict>
		<key>Resources/data/threshpin.bmp</key>
		<dict>
			<key>hash</key>
			<data>
			jH6ZJqlqaQ2H2/vayX+ivgVrSp8=
			</data>
			<key>hash2</key>
			<data>
			22wVuSG9gQuM8zi8YrFa/0tL94H5PY468Ti7wDfE+Vo=
			</data>
		</dict>
		<key>Resources/data/threshpin.svg</key>
		<dict>
			<key>hash</key>
			<data>
			02dAQ+lJGkUsMmOFRjGIT8XR0E4=
			</data>
			<key>hash2</key>
			<data>
			kVJT1GC5ioFKSWmz4z4FZvslgAaQkDdtggp6rD/r/AY=
			</data>
		</dict>
		<key>Resources/data/trigger.bmp</key>
		<dict>
			<key>hash</key>
			<data>
			VQ8WXFvKc/C5Vu25eI2VPzzVvcw=
			</data>
			<key>hash2</key>
			<data>
			6tqCXsM+izB7ZMmQmdloG7DW23wFmhKfIrdtgrYQnhc=
			</data>
		</dict>
		<key>Resources/data/trigger.svg</key>
		<dict>
			<key>hash</key>
			<data>
			VEIKfZS/Hg16THetEcXz6/whxe0=
			</data>
			<key>hash2</key>
			<data>
			ujo0+81lNx+ER3LjRj6JIKCt/rU3Nrs0iKNeYOnISwo=
			</data>
		</dict>
		<key>Resources/data/triggerhigh.bmp</key>
		<dict>
			<key>hash</key>
			<data>
			WEvZ7jmkDdqWvvGDm3zh9v1OzL4=
			</data>
			<key>hash2</key>
			<data>
			uUNxS8dEsGX27dQLv7dOgDeBw8DoehYZWZSEJpUAynM=
			</data>
		</dict>
		<key>Resources/data/update-high.bmp</key>
		<dict>
			<key>hash</key>
			<data>
			q+AcM+esrIxhSIcr2xhi9RMwndY=
			</data>
			<key>hash2</key>
			<data>
			7Aj9D/U3kptGk1ZrBifVeIxH9PfmIeaKn/htfJq4Opw=
			</data>
		</dict>
		<key>Resources/data/update.bmp</key>
		<dict>
			<key>hash</key>
			<data>
			EDffIquYsyCQPToAv85gMWFWkdM=
			</data>
			<key>hash2</key>
			<data>
			smzeHnr116cWNvXz/VlKp4ucIQY9GOlD7PzO6ah+n6k=
			</data>
		</dict>
		<key>Resources/data/usbcon.bmp</key>
		<dict>
			<key>hash</key>
			<data>
			ud8O2+2Qh4+/eptk6WQx1PpEbBU=
			</data>
			<key>hash2</key>
			<data>
			D28/wdutlcZ7j8GVvI1ODkMLOkG3DZXxNBgctBnM4u4=
			</data>
		</dict>
		<key>Resources/data/usbconhigh.bmp</key>
		<dict>
			<key>hash</key>
			<data>
			/7dh7GMerF1vE9VRzDrGa+YZpFA=
			</data>
			<key>hash2</key>
			<data>
			IvFVR4PjOz7VJmlgVR+7UBmkZ6AmZXbF/RMIfIU0ykk=
			</data>
		</dict>
		<key>Resources/data/usbdiscon.bmp</key>
		<dict>
			<key>hash</key>
			<data>
			Rf3/s6Wgg0JDyA6nvAcEiXye9Rk=
			</data>
			<key>hash2</key>
			<data>
			nUbZgKpm3UM0SL3cw/ko0GljetjeaB9AzSx/oQmgcQU=
			</data>
		</dict>
		<key>Resources/icon_128x128.tiff</key>
		<dict>
			<key>hash</key>
			<data>
			fLZ5AvfrNtS0Wb5GukzWVraWFF4=
			</data>
			<key>hash2</key>
			<data>
			iHko7AbFkDdebOQPY4hIMpg3x5XoE3SXhpx+dh9X+vY=
			</data>
		</dict>
		<key>Resources/icon_16x16.tiff</key>
		<dict>
			<key>hash</key>
			<data>
			cYWwC8Uzl9s/hTm6EJwZfNDROSY=
			</data>
			<key>hash2</key>
			<data>
			vrQXTb7dswo+NMOl5SzrL70UItyGcMmpTL+8jgBlXvQ=
			</data>
		</dict>
		<key>Resources/icon_256x256.tiff</key>
		<dict>
			<key>hash</key>
			<data>
			tQXpbpSQmWlkHIWlFdoy5bT8z+U=
			</data>
			<key>hash2</key>
			<data>
			b9lCCTKMqJ9PZcY1yquKvrhCRXlP7fBkruQXuomzLhs=
			</data>
		</dict>
		<key>Resources/icon_32x32.tiff</key>
		<dict>
			<key>hash</key>
			<data>
			GCN1W1nwMny/tvMCtEgByO2SIak=
			</data>
			<key>hash2</key>
			<data>
			4DISdmj4kA1AC6IrGwjSgNvZXmOei32GXBpV82MueO8=
			</data>
		</dict>
		<key>Resources/icon_512x512.tiff</key>
		<dict>
			<key>hash</key>
			<data>
			lbpCYsDaWOharge4q0TWjEoh7VA=
			</data>
			<key>hash2</key>
			<data>
			wVWbpThERgnVMid9W5phvZeLa4bFTK7dEW4YMMEtQO0=
			</data>
		</dict>
	</dict>
	<key>rules</key>
	<dict>
		<key>^Resources/</key>
		<true/>
		<key>^Resources/.*\.lproj/</key>
		<dict>
			<key>optional</key>
			<true/>
			<key>weight</key>
			<real>1000</real>
		</dict>
		<key>^Resources/.*\.lproj/locversion.plist$</key>
		<dict>
			<key>omit</key>
			<true/>
			<key>weight</key>
			<real>1100</real>
		</dict>
		<key>^Resources/Base\.lproj/</key>
		<dict>
			<key>weight</key>
			<real>1010</real>
		</dict>
		<key>^version.plist$</key>
		<true/>
	</dict>
	<key>rules2</key>
	<dict>
		<key>.*\.dSYM($|/)</key>
		<dict>
			<key>weight</key>
			<real>11</real>
		</dict>
		<key>^(.*/)?\.DS_Store$</key>
		<dict>
			<key>omit</key>
			<true/>
			<key>weight</key>
			<real>2000</real>
		</dict>
		<key>^(Frameworks|SharedFrameworks|PlugIns|Plug-ins|XPCServices|Helpers|MacOS|Library/(Automator|Spotlight|LoginItems))/</key>
		<dict>
			<key>nested</key>
			<true/>
			<key>weight</key>
			<real>10</real>
		</dict>
		<key>^.*</key>
		<true/>
		<key>^Info\.plist$</key>
		<dict>
			<key>omit</key>
			<true/>
			<key>weight</key>
			<real>20</real>
		</dict>
		<key>^PkgInfo$</key>
		<dict>
			<key>omit</key>
			<true/>
			<key>weight</key>
			<real>20</real>
		</dict>
		<key>^Resources/</key>
		<dict>
			<key>weight</key>
			<real>20</real>
		</dict>
		<key>^Resources/.*\.lproj/</key>
		<dict>
			<key>optional</key>
			<true/>
			<key>weight</key>
			<real>1000</real>
		</dict>
		<key>^Resources/.*\.lproj/locversion.plist$</key>
		<dict>
			<key>omit</key>
			<true/>
			<key>weight</key>
			<real>1100</real>
		</dict>
		<key>^Resources/Base\.lproj/</key>
		<dict>
			<key>weight</key>
			<real>1010</real>
		</dict>
		<key>^[^/]+$</key>
		<dict>
			<key>nested</key>
			<true/>
			<key>weight</key>
			<real>10</real>
		</dict>
		<key>^embedded\.provisionprofile$</key>
		<dict>
			<key>weight</key>
			<real>20</real>
		</dict>
		<key>^version\.plist$</key>
		<dict>
			<key>weight</key>
			<real>20</real>
		</dict>
	</dict>
</dict>
</plist>
